device_id,latitude,longitude,elevation,provider,global_group,device_type,available_ram_gb,unit_price_available_ram_gb,available_storage_gb,unit_price_available_storage_gb,available_cpu_cores,unit_price_available_cpu_cores,available_gpu_units,unit_price_available_gpu_units,available_tpu_units,unit_price_available_tpu_units,available_network_in_mbps,unit_price_available_network_in_mbps,available_network_out_mbps,unit_price_available_network_out_mbps
50617,-37.887015,145.080555,,TELSTRA,1,SENSOR,4,1.3,1,1.1,7,15.0,0,120.0,0,200.0,48,0.01,178,0.01
303713,-37.816082,144.964195,,VODAFONE,2,NETWORK_NODE,26,0.18,661,0.35,16,15.0,1,120.0,1,200.0,2734,0.01,4653,0.01
9012342,-37.824717,144.98263,,TELSTRA,3,DATA_CENTER,85,0.003,1676,0.1,33,15.0,7,150.0,2,240.0,9063,0.01,9787,0.01
304963,-37.833312,144.921806,,TELSTRA,3,DATA_CENTER,125,0.003,1102,0.1,48,15.0,6,150.0,3,240.0,9294,0.01,9699,0.01
50676,-37.824652,144.988783,,TELSTRA,1,CAMERA,5,1.3,11,1.1,7,15.0,0,120.0,0,200.0,239,0.01,88,0.01
300811,-37.804826,144.986141,,VODAFONE,3,DATA_CENTER,89,0.001,1257,0.05,41,15.0,6,120.0,2,200.0,9907,0.01,9492,0.01
54871,-37.884998,145.082961,47.0,OPTUS,3,DATA_CENTER,97,0.005,1416,0.08,50,15.0,5,140.0,3,200.0,9304,0.01,9040,0.01
134289,-37.83776,145.041948,,OPTUS,1,CAMERA,14,1.0,2,0.9,3,15.0,0,120.0,0,200.0,1127,0.01,82,0.01
303715,-37.811406,144.968947,,VODAFONE,2,COMPUTER,33,0.18,983,0.35,32,15.0,2,120.0,0,200.0,3268,0.01,2141,0.01
130179,-37.690132,145.013335,101.0,VODAFONE,3,DATA_CENTER,101,0.001,1861,0.05,46,15.0,7,120.0,3,200.0,9210,0.01,9393,0.01
370258,-37.823619,144.991651,17.0,VODAFONE,1,NETWORK_NODE,2,1.5,50,1.25,6,15.0,0,120.0,0,200.0,1125,0.01,183,0.01
130154,-37.818162,144.980268,12.0,OPTUS,1,NETWORK_NODE,1,1.0,3,0.9,3,15.0,0,120.0,0,200.0,245,0.01,622,0.01
570477,-37.744854,145.066984,,TELSTRA,2,NETWORK_NODE,43,0.12,254,0.3,13,15.0,3,130.0,1,200.0,3458,0.01,2320,0.01
301072,-37.751259,144.909054,,OPTUS,3,DATA_CENTER,121,0.005,1997,0.08,62,15.0,6,140.0,3,200.0,9412,0.01,9614,0.01
49920,-37.796704,144.964556,,TELSTRA,3,DATA_CENTER,94,0.003,1406,0.1,35,15.0,7,150.0,3,240.0,9779,0.01,9765,0.01
570470,-37.789727,145.105334,,TELSTRA,2,NETWORK_NODE,48,0.12,538,0.3,13,15.0,2,130.0,0,200.0,3619,0.01,4921,0.01
135030,-37.824767,144.960866,,OPTUS,3,DATA_CENTER,106,0.005,1289,0.08,56,15.0,7,140.0,2,200.0,9533,0.01,8713,0.01
304972,-37.824027,144.962897,,TELSTRA,1,SENSOR,1,1.3,18,1.1,5,15.0,0,120.0,0,200.0,161,0.01,1248,0.01
11601,-37.818162,144.959934,,OPTUS,1,SENSOR,3,1.0,5,0.9,3,15.0,0,120.0,0,200.0,558,0.01,962,0.01
304964,-37.833616,144.991267,,TELSTRA,2,COMPUTER,25,0.12,417,0.3,30,15.0,2,130.0,1,200.0,3848,0.01,4670,0.01
135566,-37.707862,145.05076,,OPTUS,1,SENSOR,6,1.0,22,0.9,6,15.0,0,120.0,0,200.0,58,0.01,84,0.01
135213,-37.810382,144.971223,,OPTUS,3,DATA_CENTER,93,0.005,1079,0.08,32,15.0,6,140.0,3,200.0,9818,0.01,9706,0.01
135099,-37.783849,144.958551,,OPTUS,1,SENSOR,3,1.0,62,0.9,8,15.0,0,120.0,0,200.0,113,0.01,40,0.01
9007729,-37.746386,145.01226,,TELSTRA,1,SENSOR,3,1.3,24,1.1,8,15.0,0,120.0,0,200.0,54,0.01,149,0.01
9007326,-37.767777,144.86326,,TELSTRA,2,COMPUTER,41,0.12,699,0.3,22,15.0,1,130.0,1,200.0,2341,0.01,3063,0.01
9015666,-37.817487,144.96615,,TELSTRA,1,CAMERA,1,1.3,1,1.1,3,15.0,0,120.0,0,200.0,66,0.01,771,0.01
303010,-37.856332,145.028953,,TELSTRA,1,SENSOR,1,1.3,12,1.1,8,15.0,0,120.0,0,200.0,253,0.01,123,0.01
50906,-37.932578,145.034746,30.0,OPTUS,2,COMPUTER,52,0.15,695,0.25,12,15.0,2,120.0,1,210.0,4215,0.01,2610,0.01
9013096,-37.81215,144.961955,,OPTUS,2,COMPUTER,41,0.15,810,0.25,24,15.0,1,120.0,1,210.0,2286,0.01,2143,0.01
134733,-37.813463,144.973217,,OPTUS,1,CAMERA,7,1.0,1,0.9,2,15.0,0,120.0,0,200.0,1149,0.01,226,0.01
135339,-37.776793,145.119289,,OPTUS,3,DATA_CENTER,76,0.005,1995,0.08,47,15.0,6,140.0,3,200.0,9266,0.01,9980,0.01
55442,-37.83344,145.055925,,VODAFONE,1,SENSOR,1,1.5,3,1.25,8,15.0,0,120.0,0,200.0,127,0.01,64,0.01
303712,-37.814257,144.96337,,VODAFONE,1,NETWORK_NODE,3,1.5,1,1.25,8,15.0,0,120.0,0,200.0,250,0.01,244,0.01
51746,-37.81511,144.958031,,VODAFONE,1,SENSOR,7,1.5,5,1.25,1,15.0,0,120.0,0,200.0,252,0.01,738,0.01
304995,-37.810509,144.983828,,TELSTRA,1,SENSOR,13,1.3,2,1.1,3,15.0,0,120.0,0,200.0,530,0.01,852,0.01
301611,-37.727774,144.955247,,OPTUS,1,CAMERA,11,1.0,4,0.9,8,15.0,0,120.0,0,200.0,186,0.01,184,0.01
50695,-37.853721,145.012998,,TELSTRA,1,SENSOR,11,1.3,60,1.1,1,15.0,0,120.0,0,200.0,48,0.01,133,0.01
304053,-37.797394,144.970556,,TELSTRA,2,COMPUTER,56,0.12,400,0.3,13,15.0,2,130.0,0,200.0,3079,0.01,3948,0.01
304190,-37.892544,145.088144,,TELSTRA,2,COMPUTER,25,0.12,875,0.3,11,15.0,1,130.0,1,200.0,2553,0.01,3465,0.01
303697,-37.779998,144.863396,25.0,OPTUS,1,CAMERA,3,1.0,3,0.9,3,15.0,0,120.0,0,200.0,57,0.01,307,0.01
134421,-37.869121,144.908453,,OPTUS,2,NETWORK_NODE,53,0.15,506,0.25,23,15.0,2,120.0,0,210.0,4655,0.01,2844,0.01
9015278,-37.786873,144.913262,,OPTUS,2,COMPUTER,23,0.15,696,0.25,21,15.0,2,120.0,1,210.0,2517,0.01,2702,0.01
137440,-37.816737,144.946785,,TELSTRA,3,DATA_CENTER,86,0.003,1482,0.1,53,15.0,4,150.0,2,240.0,9679,0.01,9818,0.01
134745,-37.738662,144.894605,,OPTUS,1,NETWORK_NODE,4,1.0,2,0.9,4,15.0,0,120.0,0,200.0,69,0.01,140,0.01
9020107,-37.820238,144.977875,,OPTUS,2,NETWORK_NODE,32,0.15,678,0.25,12,15.0,1,120.0,0,210.0,4901,0.01,3162,0.01
51744,-37.885505,145.000773,,VODAFONE,3,DATA_CENTER,91,0.001,1370,0.05,52,15.0,7,120.0,2,200.0,9195,0.01,9711,0.01
134245,-37.818494,144.957705,,OPTUS,2,NETWORK_NODE,57,0.15,518,0.25,25,15.0,2,120.0,0,210.0,3441,0.01,2888,0.01
303729,-37.824907,144.988424,,VODAFONE,3,DATA_CENTER,115,0.001,1467,0.05,57,15.0,7,120.0,2,200.0,9132,0.01,9056,0.01
303973,-37.799671,144.899966,,TELSTRA,3,DATA_CENTER,83,0.003,1172,0.1,60,15.0,7,150.0,2,240.0,9383,0.01,9801,0.01
303767,-37.810095,144.9907,,VODAFONE,2,COMPUTER,49,0.18,571,0.35,20,15.0,2,120.0,1,200.0,2781,0.01,2321,0.01
304939,-37.8455,145.022537,,TELSTRA,1,NETWORK_NODE,4,1.3,31,1.1,8,15.0,0,120.0,0,200.0,154,0.01,215,0.01
134872,-37.820123,144.957552,,OPTUS,1,CAMERA,6,1.0,5,0.9,3,15.0,0,120.0,0,200.0,207,0.01,177,0.01
135634,-37.825399,144.969335,,OPTUS,1,NETWORK_NODE,11,1.0,5,0.9,5,15.0,0,120.0,0,200.0,126,0.01,1052,0.01
134390,-37.822264,144.960015,,OPTUS,3,DATA_CENTER,72,0.005,1232,0.08,42,15.0,6,140.0,3,200.0,9948,0.01,9541,0.01
304993,-37.812752,144.972748,,TELSTRA,2,COMPUTER,52,0.12,828,0.3,27,15.0,2,130.0,1,200.0,4801,0.01,3189,0.01
134530,-37.802556,144.966792,,OPTUS,1,CAMERA,1,1.0,2,0.9,6,15.0,0,120.0,0,200.0,201,0.01,232,0.01
9020777,-37.850899,144.97304,,TELSTRA,1,SENSOR,4,1.3,3,1.1,7,15.0,0,120.0,0,200.0,925,0.01,499,0.01
206046,-37.845021,144.966843,,VODAFONE,3,DATA_CENTER,72,0.001,1366,0.05,34,15.0,4,120.0,2,200.0,8152,0.01,9949,0.01
301774,-37.836565,144.966188,,OPTUS,2,NETWORK_NODE,33,0.15,476,0.25,19,15.0,1,120.0,1,210.0,4991,0.01,2083,0.01
9013145,-37.778457,145.018526,,OPTUS,1,NETWORK_NODE,2,1.0,4,0.9,3,15.0,0,120.0,0,200.0,116,0.01,101,0.01
133502,-37.863918,144.972552,,TELSTRA,1,CAMERA,11,1.3,27,1.1,8,15.0,0,120.0,0,200.0,179,0.01,32,0.01
51500,-37.750985,145.002356,,TELSTRA,3,DATA_CENTER,77,0.003,1449,0.1,54,15.0,5,150.0,3,240.0,9356,0.01,8648,0.01
304115,-37.851678,144.993504,,TELSTRA,2,NETWORK_NODE,49,0.12,407,0.3,32,15.0,2,130.0,0,200.0,3707,0.01,4868,0.01
9010730,-37.714257,144.944659,,TELSTRA,1,NETWORK_NODE,3,1.3,4,1.1,8,15.0,0,120.0,0,200.0,896,0.01,72,0.01
101827,-37.811298,145.011659,,TELSTRA,2,COMPUTER,25,0.12,342,0.3,22,15.0,3,130.0,0,200.0,4526,0.01,4422,0.01
130704,-37.8237,144.991081,,OPTUS,1,CAMERA,4,1.0,55,0.9,3,15.0,0,120.0,0,200.0,221,0.01,124,0.01
301669,-37.825701,144.88764,,OPTUS,1,SENSOR,2,1.0,1,0.9,2,15.0,0,120.0,0,200.0,1141,0.01,197,0.01
9007519,-37.741237,144.977769,,TELSTRA,1,SENSOR,3,1.3,5,1.1,8,15.0,0,120.0,0,200.0,1194,0.01,56,0.01
134984,-37.867895,144.829745,,OPTUS,1,SENSOR,3,1.0,2,0.9,1,15.0,0,120.0,0,200.0,215,0.01,145,0.01
304129,-37.716212,145.008397,,TELSTRA,2,NETWORK_NODE,64,0.12,360,0.3,25,15.0,1,130.0,1,200.0,2111,0.01,2896,0.01
134581,-37.81384,144.889035,,OPTUS,1,NETWORK_NODE,4,1.0,2,0.9,5,15.0,0,120.0,0,200.0,32,0.01,241,0.01
55732,-37.887816,145.083889,,OPTUS,3,DATA_CENTER,125,0.005,1142,0.08,56,15.0,4,140.0,2,200.0,9735,0.01,9803,0.01
303721,-37.810472,144.961305,,VODAFONE,1,CAMERA,14,1.5,2,1.25,2,15.0,0,120.0,0,200.0,204,0.01,177,0.01
38480,-37.811155,144.950756,17.0,TELSTRA,2,COMPUTER,41,0.12,603,0.3,29,15.0,3,130.0,0,200.0,3957,0.01,2168,0.01
304956,-37.841817,144.939112,,TELSTRA,1,NETWORK_NODE,3,1.3,17,1.1,1,15.0,0,120.0,0,200.0,45,0.01,66,0.01
43402,-37.788637,144.905332,,VODAFONE,3,DATA_CENTER,121,0.001,1726,0.05,58,15.0,7,120.0,2,200.0,9832,0.01,9946,0.01
304108,-37.835435,144.99224,,TELSTRA,1,NETWORK_NODE,1,1.3,5,1.1,1,15.0,0,120.0,0,200.0,203,0.01,163,0.01
135819,-37.795113,145.081801,,OPTUS,1,CAMERA,2,1.0,5,0.9,8,15.0,0,120.0,0,200.0,1212,0.01,158,0.01
304040,-37.821123,144.966953,,TELSTRA,2,COMPUTER,29,0.12,932,0.3,17,15.0,1,130.0,0,200.0,3098,0.01,2456,0.01
304371,-37.818474,144.956805,,OPTUS,1,CAMERA,2,1.0,22,0.9,1,15.0,0,120.0,0,200.0,202,0.01,255,0.01
135009,-37.815196,144.96297,,OPTUS,3,DATA_CENTER,85,0.005,1770,0.08,59,15.0,6,140.0,2,200.0,9208,0.01,9568,0.01
304992,-37.813515,144.970002,,TELSTRA,2,NETWORK_NODE,45,0.12,572,0.3,30,15.0,3,130.0,1,200.0,3428,0.01,3328,0.01
50696,-37.843856,144.978829,,TELSTRA,2,COMPUTER,58,0.12,442,0.3,14,15.0,1,130.0,1,200.0,4028,0.01,3304,0.01
50646,-37.794843,144.932696,,TELSTRA,2,COMPUTER,31,0.12,921,0.3,19,15.0,1,130.0,1,200.0,3568,0.01,3785,0.01
9018059,-37.839327,144.9913,,TELSTRA,3,DATA_CENTER,121,0.003,1610,0.1,38,15.0,7,150.0,2,240.0,9455,0.01,9086,0.01
9007932,-37.802097,144.884789,,TELSTRA,3,DATA_CENTER,107,0.003,1484,0.1,53,15.0,5,150.0,3,240.0,9722,0.01,9335,0.01
102034,-37.717535,144.922198,,TELSTRA,1,CAMERA,2,1.3,3,1.1,1,15.0,0,120.0,0,200.0,231,0.01,212,0.01
134462,-37.822656,144.964912,,OPTUS,3,DATA_CENTER,85,0.005,1796,0.08,48,15.0,5,140.0,2,200.0,9056,0.01,9754,0.01
9002008,-37.806106,144.831999,,TELSTRA,2,COMPUTER,43,0.12,417,0.3,31,15.0,2,130.0,0,200.0,2106,0.01,4106,0.01
570439,-37.898847,145.087754,,TELSTRA,2,COMPUTER,36,0.12,568,0.3,22,15.0,1,130.0,1,200.0,3320,0.01,4158,0.01
102044,-37.872857,144.990474,,TELSTRA,1,NETWORK_NODE,3,1.3,4,1.1,2,15.0,0,120.0,0,200.0,29,0.01,1188,0.01
9007886,-37.896237,145.024129,,TELSTRA,1,CAMERA,13,1.3,52,1.1,8,15.0,0,120.0,0,200.0,676,0.01,204,0.01
9007287,-37.778057,144.97049,,TELSTRA,1,SENSOR,2,1.3,4,1.1,2,15.0,0,120.0,0,200.0,188,0.01,238,0.01
303710,-37.81751,144.959237,,VODAFONE,1,NETWORK_NODE,2,1.5,12,1.25,2,15.0,0,120.0,0,200.0,39,0.01,39,0.01
302246,-37.729065,145.017073,,VODAFONE,1,CAMERA,1,1.5,1,1.25,8,15.0,0,120.0,0,200.0,189,0.01,117,0.01
9007953,-37.799397,144.964289,,TELSTRA,1,SENSOR,5,1.3,43,1.1,6,15.0,0,120.0,0,200.0,237,0.01,90,0.01
135253,-37.812578,144.965314,,OPTUS,1,SENSOR,3,1.0,1,0.9,8,15.0,0,120.0,0,200.0,133,0.01,218,0.01
303984,-37.806907,144.947466,,TELSTRA,1,SENSOR,2,1.3,22,1.1,1,15.0,0,120.0,0,200.0,176,0.01,256,0.01
301213,-37.905349,145.052896,,OPTUS,1,CAMERA,1,1.0,11,0.9,8,15.0,0,120.0,0,200.0,249,0.01,29,0.01
50688,-37.823259,144.962237,,TELSTRA,1,SENSOR,8,1.3,4,1.1,8,15.0,0,120.0,0,200.0,67,0.01,257,0.01
9007897,-37.792847,144.968399,40.0,TELSTRA,1,CAMERA,16,1.3,3,1.1,4,15.0,0,120.0,0,200.0,118,0.01,173,0.01
50675,-37.80992,144.991568,,TELSTRA,2,COMPUTER,33,0.12,262,0.3,12,15.0,2,130.0,1,200.0,4769,0.01,2871,0.01
304078,-37.882,144.9783,,TELSTRA,1,NETWORK_NODE,4,1.3,1,1.1,6,15.0,0,120.0,0,200.0,116,0.01,406,0.01
303677,-37.814195,144.972823,,TELSTRA,1,SENSOR,1,1.3,5,1.1,2,15.0,0,120.0,0,200.0,695,0.01,87,0.01
301990,-37.713274,144.985605,,OPTUS,1,NETWORK_NODE,4,1.0,2,0.9,7,15.0,0,120.0,0,200.0,225,0.01,179,0.01
304057,-37.80732,144.971307,,TELSTRA,1,NETWORK_NODE,4,1.3,41,1.1,2,15.0,0,120.0,0,200.0,82,0.01,122,0.01
134895,-37.80683,144.947696,,OPTUS,1,CAMERA,2,1.0,3,0.9,7,15.0,0,120.0,0,200.0,20,0.01,104,0.01
10003597,-37.83698,144.99776,,TELSTRA,1,CAMERA,11,1.3,25,1.1,8,15.0,0,120.0,0,200.0,183,0.01,671,0.01
135556,-37.807934,144.929912,,OPTUS,1,CAMERA,1,1.0,3,0.9,8,15.0,0,120.0,0,200.0,144,0.01,269,0.01
51742,-37.779857,144.978417,39.0,VODAFONE,3,DATA_CENTER,69,0.001,1829,0.05,56,15.0,7,120.0,2,200.0,9439,0.01,9048,0.01
301922,-37.804796,144.992275,,TELSTRA,1,NETWORK_NODE,1,1.3,5,1.1,6,15.0,0,120.0,0,200.0,107,0.01,211,0.01
134813,-37.890994,144.990705,,OPTUS,3,DATA_CENTER,108,0.005,1494,0.08,40,15.0,6,140.0,3,200.0,9757,0.01,9433,0.01
51754,-37.78104,145.03175,21.0,VODAFONE,1,SENSOR,3,1.5,7,1.25,4,15.0,0,120.0,0,200.0,548,0.01,701,0.01
50645,-37.786336,144.977332,,TELSTRA,1,CAMERA,4,1.3,1,1.1,1,15.0,0,120.0,0,200.0,29,0.01,589,0.01
38890,-37.855786,144.991347,,TELSTRA,3,DATA_CENTER,96,0.003,1585,0.1,58,15.0,6,150.0,2,240.0,9244,0.01,9517,0.01
134329,-37.811625,144.964919,,OPTUS,1,CAMERA,2,1.0,19,0.9,2,15.0,0,120.0,0,200.0,77,0.01,153,0.01
131834,-37.738739,145.029695,,TELSTRA,1,NETWORK_NODE,6,1.3,3,1.1,2,15.0,0,120.0,0,200.0,232,0.01,186,0.01
304194,-37.770423,145.099173,,TELSTRA,1,CAMERA,1,1.3,58,1.1,4,15.0,0,120.0,0,200.0,84,0.01,126,0.01
50670,-37.818248,144.957035,,TELSTRA,3,DATA_CENTER,116,0.003,1136,0.1,60,15.0,6,150.0,3,240.0,9719,0.01,9611,0.01
304985,-37.817655,144.990677,,TELSTRA,1,CAMERA,7,1.3,5,1.1,7,15.0,0,120.0,0,200.0,170,0.01,879,0.01
9002407,-37.70793,144.938687,,VODAFONE,2,NETWORK_NODE,17,0.18,325,0.35,22,15.0,3,120.0,1,200.0,2720,0.01,2408,0.01
304048,-37.808093,144.969127,,TELSTRA,2,COMPUTER,27,0.12,906,0.3,16,15.0,1,130.0,0,200.0,2436,0.01,4779,0.01
304159,-37.822466,145.035422,,TELSTRA,1,SENSOR,15,1.3,3,1.1,6,15.0,0,120.0,0,200.0,542,0.01,416,0.01
301761,-37.865232,145.09275,55.0,OPTUS,1,NETWORK_NODE,1,1.0,1,0.9,1,15.0,0,120.0,0,200.0,1216,0.01,130,0.01
10003028,-37.81674,144.97009,,OPTUS,1,SENSOR,4,1.0,3,0.9,4,15.0,0,120.0,0,200.0,122,0.01,206,0.01
302902,-37.83855,144.942952,,VODAFONE,1,CAMERA,2,1.5,2,1.25,5,15.0,0,120.0,0,200.0,141,0.01,114,0.01
304131,-37.81958,145.008461,,TELSTRA,1,SENSOR,6,1.3,5,1.1,1,15.0,0,120.0,0,200.0,88,0.01,571,0.01
135040,-37.807404,144.970964,,OPTUS,3,DATA_CENTER,96,0.005,1968,0.08,44,15.0,7,140.0,3,200.0,8030,0.01,9060,0.01
9011371,-37.812777,144.96971,,TELSTRA,1,NETWORK_NODE,4,1.3,4,1.1,2,15.0,0,120.0,0,200.0,13,0.01,862,0.01
50671,-37.817658,144.959437,,TELSTRA,3,DATA_CENTER,89,0.003,1005,0.1,57,15.0,6,150.0,3,240.0,9114,0.01,8792,0.01
9007713,-37.803867,144.94173,,TELSTRA,2,COMPUTER,48,0.12,642,0.3,21,15.0,1,130.0,1,200.0,2619,0.01,2995,0.01
303386,-37.791455,144.907705,6.0,OPTUS,2,NETWORK_NODE,33,0.15,923,0.25,22,15.0,1,120.0,1,210.0,2294,0.01,3670,0.01
9002483,-37.811457,144.975929,,TELSTRA,3,DATA_CENTER,126,0.003,1301,0.1,54,15.0,4,150.0,3,240.0,9932,0.01,9887,0.01
303523,-37.842791,145.022166,,TELSTRA,1,CAMERA,4,1.3,5,1.1,5,15.0,0,120.0,0,200.0,87,0.01,123,0.01
9017394,-37.817919,144.971381,,VODAFONE,2,COMPUTER,61,0.18,980,0.35,25,15.0,1,120.0,0,200.0,4422,0.01,3594,0.01
301236,-37.819691,145.119337,,TELSTRA,3,DATA_CENTER,77,0.003,1586,0.1,45,15.0,7,150.0,2,240.0,9438,0.01,9572,0.01
51569,-37.822667,145.058366,,TELSTRA,3,DATA_CENTER,96,0.003,1539,0.1,59,15.0,6,150.0,2,240.0,9389,0.01,9184,0.01
9002466,-37.806787,144.972469,,TELSTRA,3,DATA_CENTER,125,0.003,1866,0.1,33,15.0,4,150.0,3,240.0,9365,0.01,9196,0.01
301912,-37.807989,144.97356,,TELSTRA,3,DATA_CENTER,117,0.003,1404,0.1,50,15.0,6,150.0,2,240.0,8939,0.01,9520,0.01
134360,-37.814263,144.972105,15.0,OPTUS,3,DATA_CENTER,124,0.005,1041,0.08,52,15.0,6,140.0,3,200.0,9976,0.01,9595,0.01
134557,-37.766936,144.896238,,OPTUS,1,SENSOR,10,1.0,2,0.9,8,15.0,0,120.0,0,200.0,1178,0.01,153,0.01
9020776,-37.850695,144.969211,,TELSTRA,2,NETWORK_NODE,51,0.12,526,0.3,9,15.0,3,130.0,1,200.0,4512,0.01,3272,0.01
304933,-37.878192,145.048267,,TELSTRA,1,CAMERA,5,1.3,60,1.1,4,15.0,0,120.0,0,200.0,184,0.01,232,0.01
304094,-37.838314,144.986708,,TELSTRA,3,DATA_CENTER,80,0.003,1451,0.1,42,15.0,7,150.0,3,240.0,9796,0.01,9867,0.01
303982,-37.775421,144.945498,,TELSTRA,1,SENSOR,3,1.3,2,1.1,1,15.0,0,120.0,0,200.0,631,0.01,188,0.01
301243,-37.809411,144.972385,,TELSTRA,2,COMPUTER,16,0.12,650,0.3,21,15.0,1,130.0,1,200.0,3546,0.01,3624,0.01
9002470,-37.791137,144.901329,,TELSTRA,2,NETWORK_NODE,49,0.12,745,0.3,10,15.0,1,130.0,1,200.0,3236,0.01,2055,0.01
301713,-37.831204,144.94494,,OPTUS,2,COMPUTER,34,0.15,908,0.25,10,15.0,2,120.0,1,210.0,2168,0.01,2655,0.01
303055,-37.808699,144.825868,21.0,OPTUS,2,NETWORK_NODE,28,0.15,463,0.25,13,15.0,1,120.0,1,210.0,3292,0.01,2256,0.01
134911,-37.890845,145.06681,,OPTUS,1,SENSOR,3,1.0,33,0.9,5,15.0,0,120.0,0,200.0,43,0.01,226,0.01
50680,-37.816158,144.95607,,TELSTRA,2,NETWORK_NODE,23,0.12,946,0.3,25,15.0,1,130.0,1,200.0,4794,0.01,4270,0.01
50669,-37.816891,144.961957,,OPTUS,1,CAMERA,14,1.0,3,0.9,6,15.0,0,120.0,0,200.0,312,0.01,649,0.01
300988,-37.837242,144.976737,,TELSTRA,1,CAMERA,3,1.3,33,1.1,2,15.0,0,120.0,0,200.0,37,0.01,231,0.01
37568,-37.814476,144.957821,18.0,TELSTRA,1,CAMERA,2,1.3,1,1.1,8,15.0,0,120.0,0,200.0,160,0.01,180,0.01
301353,-37.810899,144.959396,,TELSTRA,1,NETWORK_NODE,2,1.3,2,1.1,5,15.0,0,120.0,0,200.0,36,0.01,123,0.01
304165,-37.888946,145.042435,,TELSTRA,1,NETWORK_NODE,1,1.3,1,1.1,5,15.0,0,120.0,0,200.0,191,0.01,828,0.01
50897,-37.734058,144.906679,,OPTUS,2,NETWORK_NODE,37,0.15,448,0.25,27,15.0,2,120.0,1,210.0,4476,0.01,4731,0.01
301903,-37.833395,144.967866,,TELSTRA,1,CAMERA,4,1.3,5,1.1,1,15.0,0,120.0,0,200.0,197,0.01,92,0.01
9008995,-37.825477,144.953489,,TELSTRA,2,COMPUTER,31,0.12,673,0.3,10,15.0,1,130.0,1,200.0,3594,0.01,3417,0.01
303996,-37.836719,144.956866,,TELSTRA,2,COMPUTER,46,0.12,793,0.3,19,15.0,1,130.0,0,200.0,4788,0.01,3001,0.01
304104,-37.78891,144.99092,,TELSTRA,1,CAMERA,3,1.3,5,1.1,1,15.0,0,120.0,0,200.0,725,0.01,232,0.01
304112,-37.78564,144.994611,,TELSTRA,1,NETWORK_NODE,1,1.3,57,1.1,2,15.0,0,120.0,0,200.0,197,0.01,112,0.01
51571,-37.796864,144.884146,,TELSTRA,2,COMPUTER,39,0.12,329,0.3,17,15.0,2,130.0,0,200.0,3048,0.01,4879,0.01
135222,-37.767331,145.105225,,OPTUS,3,DATA_CENTER,83,0.005,1628,0.08,48,15.0,7,140.0,3,200.0,9993,0.01,9813,0.01
301924,-37.825184,144.99354,,TELSTRA,2,COMPUTER,31,0.12,299,0.3,19,15.0,1,130.0,1,200.0,4537,0.01,2056,0.01
570435,-37.921922,145.024814,,TELSTRA,2,NETWORK_NODE,48,0.12,706,0.3,17,15.0,3,130.0,0,200.0,3932,0.01,3893,0.01
302212,-37.829022,144.858505,,VODAFONE,3,DATA_CENTER,108,0.001,1495,0.05,50,15.0,4,120.0,3,200.0,9396,0.01,9595,0.01
301204,-37.810268,145.060735,,TELSTRA,3,DATA_CENTER,108,0.003,1538,0.1,46,15.0,6,150.0,3,240.0,9458,0.01,9985,0.01
304106,-37.838838,144.991012,,TELSTRA,3,DATA_CENTER,96,0.003,1056,0.1,57,15.0,5,150.0,3,240.0,9592,0.01,9631,0.01
50611,-37.703439,144.885672,,TELSTRA,3,DATA_CENTER,121,0.003,1944,0.1,62,15.0,5,150.0,3,240.0,9387,0.01,8052,0.01
50697,-37.798336,144.967691,,TELSTRA,3,DATA_CENTER,105,0.003,1680,0.1,46,15.0,7,150.0,3,240.0,8788,0.01,8564,0.01
135306,-37.81607,144.957254,,OPTUS,1,SENSOR,16,1.0,5,0.9,3,15.0,0,120.0,0,200.0,257,0.01,61,0.01
10008735,-37.87084,144.98076,,TELSTRA,2,COMPUTER,41,0.12,655,0.3,10,15.0,1,130.0,0,200.0,3287,0.01,2507,0.01
10009603,-37.734805,144.938102,,TELSTRA,2,COMPUTER,18,0.12,892,0.3,22,15.0,1,130.0,0,200.0,2236,0.01,4614,0.01
303981,-37.812612,144.9439,,TELSTRA,2,COMPUTER,33,0.12,803,0.3,31,15.0,1,130.0,1,200.0,4115,0.01,3316,0.01
570451,-37.84595,144.961725,6.0,TELSTRA,1,NETWORK_NODE,2,1.3,2,1.1,8,15.0,0,120.0,0,200.0,193,0.01,792,0.01
304973,-37.824128,144.98448,,TELSTRA,1,CAMERA,3,1.3,12,1.1,7,15.0,0,120.0,0,200.0,48,0.01,396,0.01
9007902,-37.804807,145.01527,,TELSTRA,2,NETWORK_NODE,31,0.12,404,0.3,18,15.0,3,130.0,1,200.0,2776,0.01,3300,0.01
135278,-37.79007,144.95872,,OPTUS,2,NETWORK_NODE,42,0.15,322,0.25,26,15.0,1,120.0,0,210.0,3143,0.01,3429,0.01
135189,-37.821515,144.954651,,OPTUS,2,NETWORK_NODE,26,0.15,435,0.25,16,15.0,3,120.0,0,210.0,3248,0.01,2957,0.01
50666,-37.811122,144.941102,,TELSTRA,1,CAMERA,1,1.3,2,1.1,5,15.0,0,120.0,0,200.0,257,0.01,209,0.01
304006,-37.771579,144.960364,,TELSTRA,3,DATA_CENTER,77,0.003,1598,0.1,54,15.0,5,150.0,2,240.0,9964,0.01,8448,0.01
570465,-37.793753,144.947716,,TELSTRA,1,CAMERA,7,1.3,5,1.1,3,15.0,0,120.0,0,200.0,234,0.01,118,0.01
304999,-37.803628,145.01107,,TELSTRA,1,CAMERA,3,1.3,1,1.1,7,15.0,0,120.0,0,200.0,39,0.01,444,0.01
304107,-37.89775,144.989525,,TELSTRA,3,DATA_CENTER,99,0.003,1778,0.1,56,15.0,7,150.0,2,240.0,8189,0.01,9450,0.01
301592,-37.88757,145.021639,30.0,VODAFONE,2,COMPUTER,58,0.18,258,0.35,18,15.0,1,120.0,1,200.0,4336,0.01,2792,0.01
34602,-37.827508,145.058467,49.0,OPTUS,1,SENSOR,14,1.0,44,0.9,6,15.0,0,120.0,0,200.0,91,0.01,28,0.01
303353,-37.84819,145.079415,,VODAFONE,3,DATA_CENTER,77,0.001,1408,0.05,56,15.0,4,120.0,3,200.0,9785,0.01,9477,0.01
9026326,-37.840967,144.912898,,OPTUS,2,NETWORK_NODE,40,0.15,344,0.25,22,15.0,2,120.0,1,210.0,4166,0.01,3048,0.01
303994,-37.805893,144.956581,,TELSTRA,1,CAMERA,3,1.3,34,1.1,8,15.0,0,120.0,0,200.0,270,0.01,169,0.01
301366,-37.814808,144.971784,,TELSTRA,1,NETWORK_NODE,15,1.3,2,1.1,6,15.0,0,120.0,0,200.0,162,0.01,80,0.01
9016371,-37.799767,144.960804,,OPTUS,2,COMPUTER,49,0.15,892,0.25,18,15.0,2,120.0,1,210.0,4593,0.01,3240,0.01
301274,-37.756639,145.054759,,TELSTRA,1,CAMERA,16,1.3,62,1.1,4,15.0,0,120.0,0,200.0,527,0.01,577,0.01
304064,-37.813317,144.97421,,TELSTRA,1,SENSOR,2,1.3,1,1.1,7,15.0,0,120.0,0,200.0,54,0.01,95,0.01
301898,-37.813713,144.965794,,TELSTRA,2,COMPUTER,24,0.12,740,0.3,31,15.0,1,130.0,0,200.0,3294,0.01,2979,0.01
9012350,-37.757907,145.06979,,TELSTRA,1,NETWORK_NODE,3,1.3,2,1.1,6,15.0,0,120.0,0,200.0,241,0.01,130,0.01
301856,-37.813016,144.967176,,TELSTRA,1,NETWORK_NODE,3,1.3,41,1.1,8,15.0,0,120.0,0,200.0,136,0.01,150,0.01
304026,-37.812967,144.964337,,TELSTRA,1,NETWORK_NODE,12,1.3,2,1.1,7,15.0,0,120.0,0,200.0,827,0.01,221,0.01
302324,-37.935687,145.0026,13.0,OPTUS,1,SENSOR,3,1.0,13,0.9,2,15.0,0,120.0,0,200.0,85,0.01,15,0.01
303079,-37.866013,144.975439,3.0,OPTUS,3,DATA_CENTER,74,0.005,1049,0.08,43,15.0,6,140.0,3,200.0,9774,0.01,9140,0.01
130680,-37.742423,145.029029,,VODAFONE,1,SENSOR,4,1.5,2,1.25,1,15.0,0,120.0,0,200.0,90,0.01,224,0.01
10005880,-37.87839,145.007,,TELSTRA,2,NETWORK_NODE,25,0.12,627,0.3,20,15.0,2,130.0,0,200.0,4947,0.01,2075,0.01
301882,-37.819286,144.954507,,TELSTRA,2,COMPUTER,26,0.12,299,0.3,31,15.0,1,130.0,0,200.0,4453,0.01,3542,0.01
54055,-37.846363,144.980466,,OPTUS,1,CAMERA,13,1.0,5,0.9,8,15.0,0,120.0,0,200.0,163,0.01,187,0.01
50682,-37.812075,144.954479,,TELSTRA,2,NETWORK_NODE,26,0.12,966,0.3,21,15.0,3,130.0,1,200.0,2563,0.01,3815,0.01
9002487,-37.811277,144.96498,,TELSTRA,2,COMPUTER,41,0.12,868,0.3,19,15.0,1,130.0,0,200.0,2823,0.01,2335,0.01
9008277,-37.836427,144.99675,,TELSTRA,3,DATA_CENTER,64,0.003,1789,0.1,43,15.0,7,150.0,3,240.0,8704,0.01,9678,0.01
135390,-37.813963,144.957301,,OPTUS,1,SENSOR,3,1.0,3,0.9,6,15.0,0,120.0,0,200.0,23,0.01,83,0.01
304046,-37.816104,144.968568,,TELSTRA,1,CAMERA,2,1.3,3,1.1,1,15.0,0,120.0,0,200.0,439,0.01,209,0.01
301337,-37.82675,144.813308,,TELSTRA,3,DATA_CENTER,90,0.003,1929,0.1,40,15.0,6,150.0,3,240.0,9497,0.01,9432,0.01
134394,-37.812411,145.078718,,OPTUS,1,CAMERA,1,1.0,38,0.9,8,15.0,0,120.0,0,200.0,202,0.01,28,0.01
9007895,-37.749277,145.04333,,TELSTRA,3,DATA_CENTER,86,0.003,1265,0.1,52,15.0,7,150.0,2,240.0,9924,0.01,9199,0.01
302262,-37.787552,144.995729,30.0,VODAFONE,1,CAMERA,9,1.5,4,1.25,1,15.0,0,120.0,0,200.0,193,0.01,203,0.01
400391,-37.825267,144.983143,,OPTUS,3,DATA_CENTER,64,0.005,1223,0.08,33,15.0,5,140.0,3,200.0,9222,0.01,9778,0.01
133216,-37.810979,144.966884,,TELSTRA,3,DATA_CENTER,78,0.003,1233,0.1,60,15.0,4,150.0,2,240.0,8486,0.01,9346,0.01
304319,-37.848611,145.116044,,OPTUS,2,COMPUTER,50,0.15,722,0.25,12,15.0,1,120.0,0,210.0,2836,0.01,2466,0.01
304984,-37.817999,144.968743,,TELSTRA,2,COMPUTER,51,0.12,506,0.3,29,15.0,2,130.0,0,200.0,2059,0.01,3890,0.01
135572,-37.771356,145.061867,,OPTUS,1,NETWORK_NODE,1,1.0,4,0.9,8,15.0,0,120.0,0,200.0,138,0.01,234,0.01
50633,-37.734617,144.905665,,TELSTRA,3,DATA_CENTER,108,0.003,1644,0.1,55,15.0,6,150.0,3,240.0,9185,0.01,9745,0.01
303895,-37.786706,144.928619,21.0,OPTUS,3,DATA_CENTER,105,0.005,1892,0.08,51,15.0,7,140.0,3,200.0,9306,0.01,9525,0.01
302981,-37.832245,144.958694,10.0,VODAFONE,3,DATA_CENTER,116,0.001,1683,0.05,47,15.0,7,120.0,2,200.0,9605,0.01,9195,0.01
303844,-37.806321,144.955274,,VODAFONE,1,SENSOR,10,1.5,27,1.25,7,15.0,0,120.0,0,200.0,13,0.01,34,0.01
10002863,-37.822696,144.975144,,OPTUS,2,COMPUTER,33,0.15,677,0.25,23,15.0,2,120.0,1,210.0,3211,0.01,2522,0.01
301932,-37.920417,145.051247,,TELSTRA,1,CAMERA,15,1.3,2,1.1,2,15.0,0,120.0,0,200.0,156,0.01,1047,0.01
304994,-37.811522,144.969375,,TELSTRA,1,CAMERA,3,1.3,57,1.1,7,15.0,0,120.0,0,200.0,215,0.01,48,0.01
303966,-37.867964,144.829595,,TELSTRA,2,COMPUTER,44,0.12,658,0.3,16,15.0,2,130.0,0,200.0,4582,0.01,3615,0.01
9007947,-37.845707,144.98154,,TELSTRA,2,COMPUTER,61,0.12,619,0.3,23,15.0,2,130.0,1,200.0,2451,0.01,2335,0.01
130989,-37.810421,144.973494,,TELSTRA,2,COMPUTER,50,0.12,417,0.3,17,15.0,2,130.0,1,200.0,3422,0.01,3239,0.01
301387,-37.857426,144.981868,,TELSTRA,3,DATA_CENTER,81,0.003,1119,0.1,34,15.0,6,150.0,3,240.0,9096,0.01,8575,0.01
205796,-37.815214,144.947305,,TELSTRA,3,DATA_CENTER,108,0.003,1572,0.1,50,15.0,5,150.0,3,240.0,9676,0.01,9565,0.01
301658,-37.819471,144.960069,,OPTUS,2,COMPUTER,37,0.15,720,0.25,24,15.0,3,120.0,1,210.0,3706,0.01,4762,0.01
302842,-37.822939,144.967222,,TELSTRA,1,CAMERA,10,1.3,40,1.1,2,15.0,0,120.0,0,200.0,105,0.01,178,0.01
50698,-37.78947,145.027099,,TELSTRA,2,COMPUTER,22,0.12,784,0.3,27,15.0,3,130.0,1,200.0,3139,0.01,4402,0.01
9002451,-37.847927,144.813349,,TELSTRA,1,CAMERA,4,1.3,32,1.1,1,15.0,0,120.0,0,200.0,204,0.01,63,0.01
304968,-37.827876,145.057321,,TELSTRA,2,COMPUTER,57,0.12,287,0.3,19,15.0,1,130.0,1,200.0,2460,0.01,4631,0.01
50652,-37.753486,144.964153,,TELSTRA,2,COMPUTER,24,0.12,620,0.3,26,15.0,1,130.0,1,200.0,3929,0.01,3184,0.01
10002760,-37.822485,144.974401,,OPTUS,1,NETWORK_NODE,2,1.0,1,0.9,2,15.0,0,120.0,0,200.0,236,0.01,393,0.01
9002469,-37.819387,144.95543,,TELSTRA,2,COMPUTER,43,0.12,940,0.3,15,15.0,1,130.0,0,200.0,4453,0.01,4097,0.01
51721,-37.734408,144.904082,,VODAFONE,2,NETWORK_NODE,31,0.18,732,0.35,13,15.0,1,120.0,0,200.0,4661,0.01,4150,0.01
133088,-37.729703,145.0693,,TELSTRA,1,CAMERA,2,1.3,2,1.1,8,15.0,0,120.0,0,200.0,81,0.01,961,0.01
9007313,-37.841616,144.85588,,TELSTRA,3,DATA_CENTER,127,0.003,1472,0.1,56,15.0,4,150.0,3,240.0,9060,0.01,9502,0.01
135277,-37.863187,144.907644,,OPTUS,1,NETWORK_NODE,13,1.0,50,0.9,5,15.0,0,120.0,0,200.0,44,0.01,122,0.01
134663,-37.809456,144.963536,,OPTUS,1,SENSOR,3,1.0,44,0.9,3,15.0,0,120.0,0,200.0,697,0.01,211,0.01
9000393,-37.719845,145.055371,80.0,OPTUS,2,COMPUTER,30,0.15,655,0.25,12,15.0,2,120.0,1,210.0,4497,0.01,2130,0.01
134923,-37.819576,144.95985,,OPTUS,3,DATA_CENTER,104,0.005,1734,0.08,38,15.0,4,140.0,3,200.0,9485,0.01,9893,0.01
50908,-37.801228,144.956209,28.0,OPTUS,3,DATA_CENTER,93,0.005,1184,0.08,58,15.0,6,140.0,2,200.0,9332,0.01,9433,0.01
304986,-37.81565,144.973579,,TELSTRA,1,SENSOR,2,1.3,53,1.1,5,15.0,0,120.0,0,200.0,287,0.01,114,0.01
304080,-37.847657,144.979748,,TELSTRA,2,COMPUTER,54,0.12,630,0.3,18,15.0,2,130.0,1,200.0,2445,0.01,2757,0.01
303733,-37.821278,144.958201,,VODAFONE,3,DATA_CENTER,123,0.001,1972,0.05,39,15.0,7,120.0,3,200.0,9936,0.01,9744,0.01
54797,-37.82561,145.09794,93.0,OPTUS,2,NETWORK_NODE,50,0.15,640,0.25,29,15.0,2,120.0,1,210.0,3217,0.01,2508,0.01
304035,-37.816783,144.966164,,TELSTRA,2,NETWORK_NODE,24,0.12,629,0.3,17,15.0,1,130.0,0,200.0,2340,0.01,3161,0.01
301342,-37.810009,144.949652,,TELSTRA,2,NETWORK_NODE,27,0.12,578,0.3,22,15.0,3,130.0,1,200.0,4883,0.01,4937,0.01
51714,-37.811701,144.872364,14.0,VODAFONE,2,COMPUTER,29,0.18,612,0.35,14,15.0,1,120.0,0,200.0,4256,0.01,2337,0.01
9002902,-37.711255,144.864306,,VODAFONE,1,CAMERA,1,1.5,1,1.25,2,15.0,0,120.0,0,200.0,85,0.01,107,0.01
301278,-37.823977,145.086166,61.0,TELSTRA,3,DATA_CENTER,100,0.003,1936,0.1,46,15.0,7,150.0,3,240.0,9465,0.01,8389,0.01
133095,-37.769404,144.983974,,TELSTRA,1,NETWORK_NODE,1,1.3,3,1.1,3,15.0,0,120.0,0,200.0,211,0.01,235,0.01
134722,-37.828807,145.120787,,OPTUS,1,SENSOR,4,1.0,3,0.9,1,15.0,0,120.0,0,200.0,149,0.01,65,0.01
9002497,-37.807306,144.9496,,TELSTRA,1,CAMERA,3,1.3,2,1.1,1,15.0,0,120.0,0,200.0,172,0.01,57,0.01
9007898,-37.820307,144.949,,TELSTRA,2,NETWORK_NODE,33,0.12,892,0.3,30,15.0,1,130.0,1,200.0,3947,0.01,4438,0.01
10003027,-37.81524,144.95256,,OPTUS,2,COMPUTER,34,0.15,644,0.25,26,15.0,3,120.0,0,210.0,2336,0.01,3730,0.01
9011655,-37.700366,145.04821,,TELSTRA,1,NETWORK_NODE,1,1.3,4,1.1,6,15.0,0,120.0,0,200.0,819,0.01,125,0.01
304990,-37.813639,144.966704,,TELSTRA,1,SENSOR,4,1.3,5,1.1,5,15.0,0,120.0,0,200.0,12,0.01,47,0.01
301919,-37.821507,144.989323,,TELSTRA,1,NETWORK_NODE,3,1.3,3,1.1,6,15.0,0,120.0,0,200.0,173,0.01,1045,0.01
304744,-37.815195,144.974409,,OPTUS,3,DATA_CENTER,126,0.005,1078,0.08,50,15.0,6,140.0,3,200.0,9284,0.01,9156,0.01
10004338,-37.747318,145.057939,,TELSTRA,1,SENSOR,1,1.3,46,1.1,3,15.0,0,120.0,0,200.0,226,0.01,967,0.01
304167,-37.74224,145.047827,,TELSTRA,3,DATA_CENTER,87,0.003,1702,0.1,53,15.0,7,150.0,2,240.0,8084,0.01,9227,0.01
301345,-37.830815,144.954189,,TELSTRA,1,CAMERA,3,1.3,3,1.1,1,15.0,0,120.0,0,200.0,142,0.01,254,0.01
304007,-37.777935,144.96053,,TELSTRA,1,SENSOR,3,1.3,2,1.1,7,15.0,0,120.0,0,200.0,71,0.01,1055,0.01
130550,-37.868518,144.994934,14.0,OPTUS,2,NETWORK_NODE,32,0.15,610,0.25,12,15.0,3,120.0,1,210.0,3085,0.01,3275,0.01
303711,-37.815155,144.960619,,VODAFONE,1,SENSOR,3,1.5,3,1.25,3,15.0,0,120.0,0,200.0,104,0.01,247,0.01
9007546,-37.774066,145.12597,,TELSTRA,2,COMPUTER,40,0.12,331,0.3,15,15.0,1,130.0,1,200.0,2113,0.01,4240,0.01
130427,-37.779778,144.978533,,OPTUS,1,NETWORK_NODE,1,1.0,2,0.9,6,15.0,0,120.0,0,200.0,150,0.01,457,0.01
303991,-37.817588,144.955349,,TELSTRA,3,DATA_CENTER,109,0.003,1409,0.1,60,15.0,6,150.0,3,240.0,9533,0.01,9335,0.01
301923,-37.857611,144.992661,,TELSTRA,1,CAMERA,4,1.3,31,1.1,5,15.0,0,120.0,0,200.0,80,0.01,122,0.01
134317,-37.812122,144.97071,,OPTUS,2,COMPUTER,54,0.15,635,0.25,12,15.0,3,120.0,0,210.0,2114,0.01,2072,0.01
9023407,-37.802883,144.931723,,OPTUS,1,NETWORK_NODE,1,1.0,22,0.9,3,15.0,0,120.0,0,200.0,106,0.01,1106,0.01
301881,-37.796611,144.951385,,TELSTRA,2,COMPUTER,55,0.12,649,0.3,28,15.0,3,130.0,1,200.0,3991,0.01,4855,0.01
134796,-37.779327,145.079155,,OPTUS,1,NETWORK_NODE,1,1.0,1,0.9,3,15.0,0,120.0,0,200.0,141,0.01,96,0.01
303332,-37.786599,144.916915,,OPTUS,1,CAMERA,3,1.0,48,0.9,8,15.0,0,120.0,0,200.0,89,0.01,74,0.01
304086,-37.863918,144.982032,,TELSTRA,1,CAMERA,2,1.3,3,1.1,6,15.0,0,120.0,0,200.0,134,0.01,907,0.01
304099,-37.830771,144.988277,,TELSTRA,3,DATA_CENTER,107,0.003,1085,0.1,58,15.0,4,150.0,3,240.0,9204,0.01,9837,0.01
302854,-37.809969,144.97078,,TELSTRA,3,DATA_CENTER,116,0.003,1528,0.1,42,15.0,7,150.0,3,240.0,9111,0.01,9419,0.01
134991,-37.820266,144.965886,,OPTUS,2,NETWORK_NODE,38,0.15,299,0.25,12,15.0,2,120.0,0,210.0,3849,0.01,4674,0.01
301925,-37.83919,144.995775,,TELSTRA,3,DATA_CENTER,67,0.003,1603,0.1,60,15.0,7,150.0,3,240.0,9411,0.01,9272,0.01
9007254,-37.853897,145.035289,,TELSTRA,2,NETWORK_NODE,63,0.12,863,0.3,21,15.0,2,130.0,1,200.0,4292,0.01,2052,0.01
304148,-37.920387,145.022466,,TELSTRA,2,NETWORK_NODE,64,0.12,765,0.3,19,15.0,2,130.0,0,200.0,3144,0.01,2448,0.01
135165,-37.848524,145.096625,,OPTUS,1,CAMERA,3,1.0,4,0.9,4,15.0,0,120.0,0,200.0,241,0.01,89,0.01
50898,-37.800724,144.901923,,OPTUS,1,SENSOR,2,1.0,25,0.9,2,15.0,0,120.0,0,200.0,1098,0.01,192,0.01
9013477,-37.938343,145.001902,,VODAFONE,2,NETWORK_NODE,55,0.18,833,0.35,26,15.0,3,120.0,0,200.0,3199,0.01,2796,0.01
50643,-37.793058,145.071861,,TELSTRA,1,NETWORK_NODE,3,1.3,2,1.1,2,15.0,0,120.0,0,200.0,893,0.01,1079,0.01
300605,-37.742361,145.030733,,OPTUS,2,NETWORK_NODE,53,0.15,523,0.25,26,15.0,2,120.0,1,210.0,2750,0.01,3113,0.01
135201,-37.867102,144.981582,,OPTUS,2,NETWORK_NODE,36,0.15,503,0.25,29,15.0,3,120.0,1,210.0,2245,0.01,4060,0.01
304049,-37.805127,144.969549,,TELSTRA,2,NETWORK_NODE,53,0.12,966,0.3,19,15.0,2,130.0,0,200.0,4373,0.01,3290,0.01
50593,-37.750265,144.834175,,TELSTRA,1,CAMERA,2,1.3,5,1.1,2,15.0,0,120.0,0,200.0,116,0.01,1005,0.01
304056,-37.815426,144.971086,,TELSTRA,3,DATA_CENTER,82,0.003,1112,0.1,38,15.0,7,150.0,2,240.0,9494,0.01,9816,0.01
304184,-37.86155,145.066439,,TELSTRA,3,DATA_CENTER,118,0.003,1076,0.1,33,15.0,7,150.0,3,240.0,9799,0.01,9044,0.01
50660,-37.863773,144.985196,,TELSTRA,1,CAMERA,12,1.3,1,1.1,1,15.0,0,120.0,0,200.0,317,0.01,205,0.01
9007826,-37.819657,144.95105,,TELSTRA,2,NETWORK_NODE,59,0.12,927,0.3,21,15.0,3,130.0,1,200.0,2511,0.01,2337,0.01
301896,-37.809538,144.964091,,OPTUS,2,COMPUTER,20,0.15,492,0.25,18,15.0,1,120.0,0,210.0,3841,0.01,2601,0.01
50560,-37.912615,144.99458,,TELSTRA,2,NETWORK_NODE,18,0.12,872,0.3,30,15.0,1,130.0,0,200.0,2426,0.01,2483,0.01
130295,-37.805001,144.983183,29.0,VODAFONE,3,DATA_CENTER,83,0.001,1921,0.05,37,15.0,7,120.0,3,200.0,9176,0.01,9461,0.01
304988,-37.811885,144.86259,,TELSTRA,3,DATA_CENTER,80,0.003,1585,0.1,44,15.0,7,150.0,2,240.0,9147,0.01,9286,0.01
304141,-37.745009,145.022038,,TELSTRA,1,SENSOR,10,1.3,5,1.1,3,15.0,0,120.0,0,200.0,258,0.01,1242,0.01
304172,-37.76313,145.05493,,TELSTRA,2,COMPUTER,23,0.12,954,0.3,22,15.0,1,130.0,1,200.0,4491,0.01,3380,0.01
50662,-37.837616,144.986465,21.0,TELSTRA,2,NETWORK_NODE,24,0.12,773,0.3,12,15.0,2,130.0,0,200.0,3143,0.01,3322,0.01
9002265,-37.815407,145.1,,TELSTRA,1,SENSOR,1,1.3,4,1.1,7,15.0,0,120.0,0,200.0,76,0.01,1138,0.01
301092,-37.903495,145.034588,30.0,OPTUS,1,CAMERA,1,1.0,24,0.9,3,15.0,0,120.0,0,200.0,246,0.01,764,0.01
301779,-37.787103,144.928143,21.0,VODAFONE,2,COMPUTER,51,0.18,285,0.35,32,15.0,1,120.0,0,200.0,4069,0.01,2153,0.01
305120,-37.838471,145.033293,6.0,OPTUS,3,DATA_CENTER,107,0.005,1537,0.08,57,15.0,6,140.0,2,200.0,9515,0.01,9509,0.01
302409,-37.797195,144.997887,,OPTUS,1,NETWORK_NODE,4,1.0,5,0.9,1,15.0,0,120.0,0,200.0,138,0.01,24,0.01
304061,-37.832662,144.972431,,TELSTRA,1,CAMERA,2,1.3,2,1.1,1,15.0,0,120.0,0,200.0,57,0.01,161,0.01
303484,-37.797899,144.976335,,TELSTRA,2,COMPUTER,23,0.12,534,0.3,27,15.0,1,130.0,1,200.0,3728,0.01,3985,0.01
501939,-37.820275,145.009635,12.0,VODAFONE,1,CAMERA,4,1.5,1,1.25,5,15.0,0,120.0,0,200.0,213,0.01,133,0.01
304081,-37.86693,144.97823,,TELSTRA,1,CAMERA,2,1.3,2,1.1,7,15.0,0,120.0,0,200.0,147,0.01,130,0.01
9007250,-37.872797,145.02419,,TELSTRA,2,NETWORK_NODE,38,0.12,558,0.3,22,15.0,1,130.0,0,200.0,3488,0.01,3282,0.01
9013097,-37.877815,145.039173,,OPTUS,3,DATA_CENTER,77,0.005,1637,0.08,38,15.0,4,140.0,3,200.0,9815,0.01,9247,0.01
303998,-37.824119,144.957782,,TELSTRA,1,NETWORK_NODE,6,1.3,14,1.1,4,15.0,0,120.0,0,200.0,670,0.01,10,0.01
304959,-37.840862,145.028615,,TELSTRA,2,NETWORK_NODE,57,0.12,744,0.3,29,15.0,2,130.0,0,200.0,4809,0.01,4277,0.01
9002485,-37.786146,144.94131,,TELSTRA,1,SENSOR,7,1.3,3,1.1,6,15.0,0,120.0,0,200.0,219,0.01,126,0.01
570474,-37.771757,144.994304,,TELSTRA,1,CAMERA,4,1.3,60,1.1,3,15.0,0,120.0,0,200.0,205,0.01,22,0.01
502103,-37.80064,144.927673,,TELSTRA,1,NETWORK_NODE,3,1.3,3,1.1,7,15.0,0,120.0,0,200.0,51,0.01,81,0.01
50705,-37.807455,144.973916,,TELSTRA,2,COMPUTER,31,0.12,812,0.3,9,15.0,3,130.0,0,200.0,4071,0.01,3442,0.01
9016669,-37.816011,144.955373,,OPTUS,1,SENSOR,4,1.0,2,0.9,3,15.0,0,120.0,0,200.0,258,0.01,106,0.01
50981,-37.829555,144.957371,8.0,OPTUS,3,DATA_CENTER,123,0.005,1248,0.08,40,15.0,7,140.0,3,200.0,9310,0.01,9226,0.01
50679,-37.808803,144.952866,,OPTUS,3,DATA_CENTER,87,0.005,1809,0.08,61,15.0,4,140.0,3,200.0,9543,0.01,9347,0.01
304204,-37.786975,145.124822,,TELSTRA,1,SENSOR,6,1.3,1,1.1,3,15.0,0,120.0,0,200.0,243,0.01,154,0.01
50602,-37.73161,145.056208,,TELSTRA,3,DATA_CENTER,84,0.003,1260,0.1,34,15.0,7,150.0,2,240.0,9408,0.01,9635,0.01
9007899,-37.744996,144.93019,,TELSTRA,3,DATA_CENTER,118,0.003,1250,0.1,46,15.0,6,150.0,2,240.0,9614,0.01,8564,0.01
303074,-37.808807,144.955705,,OPTUS,1,NETWORK_NODE,2,1.0,2,0.9,8,15.0,0,120.0,0,200.0,181,0.01,542,0.01
135045,-37.811928,144.956414,,OPTUS,1,SENSOR,13,1.0,2,0.9,5,15.0,0,120.0,0,200.0,91,0.01,30,0.01
304017,-37.835091,144.961684,,TELSTRA,1,NETWORK_NODE,6,1.3,4,1.1,4,15.0,0,120.0,0,200.0,31,0.01,60,0.01
501987,-37.880306,145.087017,,TELSTRA,1,SENSOR,2,1.3,4,1.1,1,15.0,0,120.0,0,200.0,73,0.01,321,0.01
9016657,-37.797745,144.9534,,OPTUS,1,NETWORK_NODE,4,1.0,59,0.9,4,15.0,0,120.0,0,200.0,46,0.01,1040,0.01
9002498,-37.812376,144.95664,,TELSTRA,1,NETWORK_NODE,1,1.3,5,1.1,7,15.0,0,120.0,0,200.0,247,0.01,60,0.01
9002484,-37.818907,144.96873,,TELSTRA,2,COMPUTER,29,0.12,802,0.3,23,15.0,1,130.0,0,200.0,4600,0.01,4578,0.01
301905,-37.691892,144.97219,,TELSTRA,2,COMPUTER,46,0.12,675,0.3,12,15.0,2,130.0,1,200.0,2930,0.01,3245,0.01
9007286,-37.819357,144.945749,,TELSTRA,3,DATA_CENTER,109,0.003,1221,0.1,61,15.0,5,150.0,2,240.0,9623,0.01,9135,0.01
134574,-37.811978,144.962388,,OPTUS,3,DATA_CENTER,127,0.005,1776,0.08,49,15.0,7,140.0,3,200.0,9643,0.01,9915,0.01
570476,-37.751053,144.917799,,TELSTRA,2,NETWORK_NODE,38,0.12,588,0.3,28,15.0,2,130.0,0,200.0,2666,0.01,2017,0.01
50674,-37.805862,144.959988,,TELSTRA,1,NETWORK_NODE,4,1.3,2,1.1,7,15.0,0,120.0,0,200.0,90,0.01,255,0.01
301384,-37.821115,144.966499,,OPTUS,2,COMPUTER,44,0.15,364,0.25,15,15.0,1,120.0,1,210.0,2757,0.01,2617,0.01
301036,-37.725719,144.961986,59.0,VODAFONE,3,DATA_CENTER,124,0.001,1187,0.05,49,15.0,4,120.0,3,200.0,9488,0.01,9617,0.01
10005839,-37.8979,144.98963,,TELSTRA,3,DATA_CENTER,73,0.003,1962,0.1,38,15.0,6,150.0,3,240.0,9923,0.01,9619,0.01
301246,-37.802819,144.899649,,TELSTRA,2,NETWORK_NODE,54,0.12,668,0.3,18,15.0,2,130.0,0,200.0,2051,0.01,4280,0.01
50574,-37.856,145.113185,,TELSTRA,3,DATA_CENTER,87,0.003,1097,0.1,57,15.0,4,150.0,3,240.0,9990,0.01,9276,0.01
301385,-37.756909,144.983434,,TELSTRA,3,DATA_CENTER,107,0.003,1720,0.1,37,15.0,7,150.0,3,240.0,9846,0.01,9984,0.01
301354,-37.84078,144.96121,,TELSTRA,2,COMPUTER,30,0.12,475,0.3,24,15.0,1,130.0,0,200.0,3193,0.01,2417,0.01
50699,-37.808816,145.038283,,TELSTRA,1,CAMERA,6,1.3,5,1.1,5,15.0,0,120.0,0,200.0,235,0.01,47,0.01
301915,-37.793072,144.976012,,TELSTRA,3,DATA_CENTER,123,0.003,1824,0.1,58,15.0,5,150.0,3,240.0,9769,0.01,9384,0.01
304370,-37.815793,144.958295,,OPTUS,1,SENSOR,14,1.0,2,0.9,7,15.0,0,120.0,0,200.0,805,0.01,213,0.01
304134,-37.690969,145.013268,,TELSTRA,1,CAMERA,3,1.3,2,1.1,6,15.0,0,120.0,0,200.0,31,0.01,244,0.01
50691,-37.821905,145.039641,,TELSTRA,3,DATA_CENTER,95,0.003,1916,0.1,41,15.0,4,150.0,2,240.0,9525,0.01,9795,0.01
304118,-37.81018,144.996218,,TELSTRA,1,SENSOR,14,1.3,4,1.1,1,15.0,0,120.0,0,200.0,149,0.01,983,0.01
303999,-37.814208,144.957942,,TELSTRA,1,SENSOR,3,1.3,26,1.1,5,15.0,0,120.0,0,200.0,184,0.01,137,0.01
304178,-37.88667,145.059528,,TELSTRA,2,COMPUTER,34,0.12,293,0.3,10,15.0,3,130.0,0,200.0,2607,0.01,3829,0.01
50642,-37.798945,144.987436,,TELSTRA,3,DATA_CENTER,106,0.003,1408,0.1,48,15.0,7,150.0,3,240.0,9265,0.01,9424,0.01
9015632,-37.841543,144.93177,,OPTUS,2,COMPUTER,58,0.15,748,0.25,30,15.0,1,120.0,1,210.0,4601,0.01,2291,0.01
303989,-37.815673,144.954039,,TELSTRA,2,COMPUTER,36,0.12,536,0.3,18,15.0,2,130.0,0,200.0,2491,0.01,3976,0.01
9013595,-37.692531,145.03702,97.0,VODAFONE,1,SENSOR,16,1.5,4,1.25,2,15.0,0,120.0,0,200.0,70,0.01,235,0.01
304132,-37.900029,145.006976,,TELSTRA,1,SENSOR,4,1.3,3,1.1,2,15.0,0,120.0,0,200.0,508,0.01,66,0.01
304161,-37.933491,145.035427,,TELSTRA,2,COMPUTER,46,0.12,878,0.3,21,15.0,3,130.0,1,200.0,3607,0.01,2488,0.01
9013187,-37.837387,144.966609,,TELSTRA,1,NETWORK_NODE,8,1.3,4,1.1,1,15.0,0,120.0,0,200.0,70,0.01,35,0.01
304052,-37.800903,144.970233,,TELSTRA,1,SENSOR,4,1.3,46,1.1,6,15.0,0,120.0,0,200.0,190,0.01,77,0.01
134754,-37.810996,144.967095,,OPTUS,2,COMPUTER,28,0.15,727,0.25,11,15.0,1,120.0,0,210.0,4314,0.01,4155,0.01
55715,-37.838376,144.974547,19.0,VODAFONE,3,DATA_CENTER,73,0.001,1527,0.05,42,15.0,6,120.0,2,200.0,9359,0.01,9553,0.01
135265,-37.798217,144.934919,,OPTUS,1,CAMERA,2,1.0,2,0.9,2,15.0,0,120.0,0,200.0,37,0.01,202,0.01
304120,-37.825621,144.998073,,TELSTRA,3,DATA_CENTER,90,0.003,1718,0.1,51,15.0,7,150.0,3,240.0,9403,0.01,9997,0.01
304524,-37.793438,144.89912,,OPTUS,3,DATA_CENTER,91,0.005,1430,0.08,38,15.0,7,140.0,3,200.0,9954,0.01,9438,0.01
10007147,-37.88482,145.0832,,TELSTRA,1,CAMERA,12,1.3,5,1.1,1,15.0,0,120.0,0,200.0,59,0.01,243,0.01
9008215,-37.703926,144.99719,,TELSTRA,3,DATA_CENTER,72,0.003,1150,0.1,33,15.0,7,150.0,3,240.0,9748,0.01,9538,0.01
303443,-37.851774,145.030143,,TELSTRA,2,NETWORK_NODE,43,0.12,569,0.3,16,15.0,1,130.0,0,200.0,4706,0.01,2789,0.01
304966,-37.827591,144.849184,,TELSTRA,1,CAMERA,2,1.3,37,1.1,3,15.0,0,120.0,0,200.0,25,0.01,854,0.01
9010365,-37.801347,144.978479,,TELSTRA,1,CAMERA,2,1.3,3,1.1,2,15.0,0,120.0,0,200.0,120,0.01,224,0.01
303995,-37.818695,144.956796,,TELSTRA,3,DATA_CENTER,96,0.003,1584,0.1,60,15.0,7,150.0,2,240.0,9099,0.01,9813,0.01
303483,-37.858632,144.898861,,TELSTRA,1,NETWORK_NODE,3,1.3,3,1.1,8,15.0,0,120.0,0,200.0,61,0.01,19,0.01
50650,-37.804127,144.922555,,TELSTRA,1,NETWORK_NODE,9,1.3,42,1.1,4,15.0,0,120.0,0,200.0,211,0.01,59,0.01
50677,-37.824798,144.971056,,TELSTRA,2,NETWORK_NODE,59,0.12,622,0.3,21,15.0,3,130.0,1,200.0,2614,0.01,4742,0.01
134565,-37.812845,144.968248,,OPTUS,2,COMPUTER,42,0.15,819,0.25,11,15.0,2,120.0,0,210.0,4859,0.01,4860,0.01
9007688,-37.845637,145.04469,,TELSTRA,1,NETWORK_NODE,2,1.3,1,1.1,3,15.0,0,120.0,0,200.0,535,0.01,33,0.01
101412,-37.854883,144.98387,19.0,TELSTRA,2,NETWORK_NODE,17,0.12,699,0.3,32,15.0,3,130.0,1,200.0,3920,0.01,3138,0.01
9007931,-37.851677,144.957109,,TELSTRA,3,DATA_CENTER,77,0.003,1441,0.1,34,15.0,4,150.0,3,240.0,9538,0.01,9908,0.01
132505,-37.843194,145.024701,,TELSTRA,2,COMPUTER,38,0.12,482,0.3,26,15.0,2,130.0,1,200.0,2363,0.01,3911,0.01
304069,-37.843359,144.976116,,TELSTRA,1,CAMERA,7,1.3,29,1.1,3,15.0,0,120.0,0,200.0,10,0.01,38,0.01
304938,-37.846591,144.991142,,TELSTRA,3,DATA_CENTER,107,0.003,1048,0.1,43,15.0,6,150.0,3,240.0,9375,0.01,9901,0.01
303868,-37.899665,145.079896,,OPTUS,1,CAMERA,3,1.0,5,0.9,4,15.0,0,120.0,0,200.0,241,0.01,17,0.01
134554,-37.817261,144.962515,,OPTUS,3,DATA_CENTER,81,0.005,1511,0.08,38,15.0,6,140.0,3,200.0,9972,0.01,9560,0.01
50582,-37.84941,145.073576,,TELSTRA,1,NETWORK_NODE,12,1.3,2,1.1,8,15.0,0,120.0,0,200.0,248,0.01,1017,0.01
301480,-37.826594,144.934366,,OPTUS,1,SENSOR,1,1.0,4,0.9,6,15.0,0,120.0,0,200.0,90,0.01,28,0.01
303992,-37.813005,144.956158,,TELSTRA,2,NETWORK_NODE,58,0.12,806,0.3,20,15.0,1,130.0,0,200.0,2016,0.01,3398,0.01
302412,-37.815933,145.037095,,OPTUS,1,CAMERA,3,1.0,3,0.9,5,15.0,0,120.0,0,200.0,221,0.01,253,0.01
304031,-37.79334,144.965443,,TELSTRA,2,COMPUTER,21,0.12,986,0.3,30,15.0,3,130.0,0,200.0,4026,0.01,4555,0.01
9012465,-37.880576,145.040394,,OPTUS,3,DATA_CENTER,108,0.005,1889,0.08,42,15.0,7,140.0,2,200.0,9244,0.01,9545,0.01
133131,-37.79451,144.931903,,TELSTRA,1,SENSOR,1,1.3,33,1.1,8,15.0,0,120.0,0,200.0,255,0.01,918,0.01
206183,-37.709103,144.976247,,VODAFONE,2,NETWORK_NODE,24,0.18,962,0.35,9,15.0,3,120.0,0,200.0,2903,0.01,4176,0.01
9002456,-37.809107,144.828809,,TELSTRA,2,COMPUTER,19,0.12,759,0.3,9,15.0,1,130.0,0,200.0,3899,0.01,4971,0.01
50644,-37.808381,144.970142,,TELSTRA,2,COMPUTER,48,0.12,348,0.3,31,15.0,1,130.0,0,200.0,3994,0.01,4315,0.01
301348,-37.821191,144.95525,,TELSTRA,2,NETWORK_NODE,50,0.12,404,0.3,14,15.0,1,130.0,1,200.0,3953,0.01,4465,0.01
304023,-37.804302,144.963552,,TELSTRA,3,DATA_CENTER,125,0.003,1878,0.1,46,15.0,5,150.0,2,240.0,9733,0.01,9550,0.01
134637,-37.809143,144.952209,,OPTUS,1,NETWORK_NODE,12,1.0,2,0.9,5,15.0,0,120.0,0,200.0,69,0.01,255,0.01
570466,-37.794273,144.988245,,TELSTRA,1,SENSOR,7,1.3,4,1.1,1,15.0,0,120.0,0,200.0,52,0.01,230,0.01
11600,-37.817303,144.962344,8.0,OPTUS,1,NETWORK_NODE,4,1.0,2,0.9,5,15.0,0,120.0,0,200.0,82,0.01,860,0.01
301374,-37.86005,144.97725,,TELSTRA,2,COMPUTER,52,0.12,657,0.3,20,15.0,3,130.0,1,200.0,2768,0.01,2138,0.01
304126,-37.905619,145.00182,,TELSTRA,2,NETWORK_NODE,31,0.12,569,0.3,28,15.0,3,130.0,1,200.0,2138,0.01,2972,0.01
301910,-37.8115,144.97335,,TELSTRA,3,DATA_CENTER,126,0.003,1784,0.1,54,15.0,4,150.0,3,240.0,9595,0.01,9816,0.01
305081,-37.774542,145.091415,,VODAFONE,1,SENSOR,1,1.5,1,1.25,2,15.0,0,120.0,0,200.0,260,0.01,167,0.01
50478,-37.809121,144.979095,,TELSTRA,1,NETWORK_NODE,6,1.3,4,1.1,4,15.0,0,120.0,0,200.0,120,0.01,114,0.01
135241,-37.789684,144.938154,,OPTUS,2,COMPUTER,40,0.15,579,0.25,28,15.0,1,120.0,1,210.0,2026,0.01,3815,0.01
301393,-37.812088,144.970836,,OPTUS,3,DATA_CENTER,81,0.005,1774,0.08,55,15.0,6,140.0,3,200.0,9438,0.01,9540,0.01
304980,-37.821256,144.953771,,TELSTRA,2,COMPUTER,23,0.12,432,0.3,11,15.0,1,130.0,1,200.0,3204,0.01,2892,0.01
304152,-37.813691,145.028044,,TELSTRA,2,COMPUTER,55,0.12,785,0.3,29,15.0,1,130.0,1,200.0,2991,0.01,3397,0.01
9002490,-37.822137,144.922039,,TELSTRA,3,DATA_CENTER,99,0.003,1906,0.1,58,15.0,6,150.0,3,240.0,9191,0.01,9391,0.01
570473,-37.773205,144.80762,,TELSTRA,3,DATA_CENTER,114,0.003,1727,0.1,41,15.0,6,150.0,3,240.0,9879,0.01,9700,0.01
130733,-37.828629,144.997423,,TELSTRA,1,SENSOR,12,1.3,43,1.1,1,15.0,0,120.0,0,200.0,121,0.01,27,0.01
304004,-37.78996,144.95846,,TELSTRA,1,CAMERA,12,1.3,4,1.1,3,15.0,0,120.0,0,200.0,199,0.01,93,0.01
9002447,-37.789976,144.93771,,TELSTRA,2,COMPUTER,60,0.12,668,0.3,20,15.0,1,130.0,0,200.0,2499,0.01,2314,0.01
50667,-37.851777,144.865983,,TELSTRA,3,DATA_CENTER,72,0.003,1899,0.1,47,15.0,4,150.0,2,240.0,9913,0.01,9708,0.01
50673,-37.807959,144.956183,,TELSTRA,3,DATA_CENTER,103,0.003,1195,0.1,54,15.0,4,150.0,3,240.0,9154,0.01,9640,0.01
304138,-37.779055,145.015476,,TELSTRA,1,SENSOR,9,1.3,44,1.1,1,15.0,0,120.0,0,200.0,59,0.01,70,0.01
302982,-37.78179,144.833255,,VODAFONE,2,NETWORK_NODE,44,0.18,569,0.35,28,15.0,1,120.0,1,200.0,3282,0.01,3173,0.01
50569,-37.897078,145.013651,,TELSTRA,1,NETWORK_NODE,5,1.3,1,1.1,3,15.0,0,120.0,0,200.0,1034,0.01,160,0.01
9011903,-37.743398,145.067195,,OPTUS,3,DATA_CENTER,81,0.005,1504,0.08,38,15.0,6,140.0,2,200.0,9412,0.01,9157,0.01
9002459,-37.870957,145.02443,,TELSTRA,3,DATA_CENTER,69,0.003,1952,0.1,33,15.0,6,150.0,3,240.0,9410,0.01,9926,0.01
570397,-37.840393,144.977594,,VODAFONE,2,NETWORK_NODE,28,0.18,308,0.35,24,15.0,2,120.0,1,200.0,2732,0.01,3187,0.01
304075,-37.809875,144.978393,,TELSTRA,3,DATA_CENTER,96,0.003,1015,0.1,63,15.0,5,150.0,3,240.0,9102,0.01,9824,0.01
301734,-37.910635,145.065166,46.0,TELSTRA,2,COMPUTER,45,0.12,340,0.3,19,15.0,1,130.0,0,200.0,2103,0.01,2103,0.01
9010694,-37.824697,144.97529,,TELSTRA,3,DATA_CENTER,82,0.003,1150,0.1,59,15.0,6,150.0,2,240.0,9819,0.01,9380,0.01
134887,-37.803772,144.952755,,OPTUS,3,DATA_CENTER,90,0.005,1949,0.08,47,15.0,7,140.0,3,200.0,9289,0.01,9951,0.01
102022,-37.816375,145.059439,,TELSTRA,3,DATA_CENTER,71,0.003,1637,0.1,48,15.0,7,150.0,3,240.0,9839,0.01,9973,0.01
9009843,-37.810269,144.969863,,OPTUS,3,DATA_CENTER,87,0.005,1958,0.08,39,15.0,7,140.0,3,200.0,9688,0.01,9635,0.01
9021102,-37.759386,145.01305,,TELSTRA,3,DATA_CENTER,111,0.003,1133,0.1,44,15.0,6,150.0,3,240.0,9764,0.01,8520,0.01
38758,-37.808627,144.969794,,TELSTRA,3,DATA_CENTER,124,0.003,1041,0.1,38,15.0,5,150.0,2,240.0,8214,0.01,9526,0.01
130592,-37.905735,145.005991,,OPTUS,1,NETWORK_NODE,12,1.0,23,0.9,3,15.0,0,120.0,0,200.0,246,0.01,55,0.01
303663,-37.735012,144.918793,,OPTUS,1,CAMERA,2,1.0,25,0.9,5,15.0,0,120.0,0,200.0,221,0.01,60,0.01
304059,-37.810752,144.971781,,TELSTRA,1,NETWORK_NODE,12,1.3,4,1.1,6,15.0,0,120.0,0,200.0,200,0.01,87,0.01
301938,-37.863409,145.080941,,TELSTRA,1,CAMERA,4,1.3,41,1.1,2,15.0,0,120.0,0,200.0,164,0.01,645,0.01
37042,-37.776607,144.875199,30.0,TELSTRA,3,DATA_CENTER,94,0.003,1570,0.1,49,15.0,5,150.0,2,240.0,9307,0.01,9962,0.01
130090,-37.749026,145.04345,64.0,VODAFONE,1,CAMERA,13,1.5,5,1.25,8,15.0,0,120.0,0,200.0,233,0.01,156,0.01
38820,-37.869228,144.908382,,TELSTRA,2,NETWORK_NODE,42,0.12,355,0.3,14,15.0,1,130.0,0,200.0,3742,0.01,4018,0.01
9000973,-37.816347,144.936809,,TELSTRA,3,DATA_CENTER,114,0.003,1105,0.1,48,15.0,7,150.0,2,240.0,9188,0.01,9695,0.01
53382,-37.819547,144.959215,,TELSTRA,3,DATA_CENTER,113,0.003,1455,0.1,57,15.0,7,150.0,2,240.0,9637,0.01,8817,0.01
304983,-37.818356,144.978957,,TELSTRA,1,NETWORK_NODE,15,1.3,4,1.1,1,15.0,0,120.0,0,200.0,240,0.01,237,0.01
132433,-37.840511,144.957284,,TELSTRA,2,NETWORK_NODE,55,0.12,569,0.3,11,15.0,3,130.0,1,200.0,3876,0.01,2760,0.01
301875,-37.794052,144.79951,,TELSTRA,2,COMPUTER,24,0.12,588,0.3,23,15.0,3,130.0,0,200.0,3198,0.01,4248,0.01
301413,-37.837498,144.883667,,TELSTRA,1,CAMERA,1,1.3,2,1.1,4,15.0,0,120.0,0,200.0,207,0.01,246,0.01
130101,-37.851883,145.013558,38.0,OPTUS,3,DATA_CENTER,79,0.005,1532,0.08,59,15.0,4,140.0,3,200.0,9004,0.01,9116,0.01
303993,-37.819496,144.956206,,TELSTRA,1,CAMERA,2,1.3,38,1.1,3,15.0,0,120.0,0,200.0,245,0.01,217,0.01
301377,-37.793405,144.979637,,TELSTRA,2,COMPUTER,19,0.12,723,0.3,21,15.0,1,130.0,1,200.0,3843,0.01,3179,0.01
9009845,-37.811022,144.959234,,OPTUS,2,COMPUTER,28,0.15,963,0.25,18,15.0,2,120.0,0,210.0,4796,0.01,4923,0.01
301565,-37.831739,144.929734,,VODAFONE,3,DATA_CENTER,111,0.001,1943,0.05,59,15.0,6,120.0,2,200.0,9992,0.01,9823,0.01
300642,-37.807881,145.028199,56.0,OPTUS,1,CAMERA,12,1.0,2,0.9,5,15.0,0,120.0,0,200.0,804,0.01,202,0.01
